{"cameraMode":{"drawMode":0,"name":"Shaded","section":"Shading Mode"},"sceneLighting":true,"audioPlay":false,"sceneViewState":{"showFog":true,"showMaterialUpdate":false,"showSkybox":true,"showFlares":true,"showImageEffects":true,"showParticleSystems":true},"in2DMode":false,"pivot":{"x":67.95238494873047,"y":203.5094451904297,"z":-90.14469909667969},"rotation":{"x":-0.04952595382928848,"y":-0.5911822319030762,"z":0.03640725091099739,"w":-0.804192304611206},"size":1.8452343940734864,"orthographic":false}