{"cameraMode":{"drawMode":0,"name":"Shaded","section":"Shading Mode"},"sceneLighting":true,"audioPlay":false,"sceneViewState":{"showFog":true,"showMaterialUpdate":false,"showSkybox":true,"showFlares":true,"showImageEffects":true,"showParticleSystems":true},"in2DMode":false,"pivot":{"x":7.243610858917236,"y":3.272881031036377,"z":0.23007932305335999},"rotation":{"x":0.12955719232559205,"y":-0.6600835919380188,"z":0.11704930663108826,"w":0.7306190133094788},"size":-1.3080470561981202,"orthographic":false}