{"cameraMode":{"drawMode":0,"name":"Shaded","section":"Shading Mode"},"sceneLighting":true,"audioPlay":false,"sceneViewState":{"showFog":true,"showMaterialUpdate":false,"showSkybox":true,"showFlares":true,"showImageEffects":true,"showParticleSystems":true},"in2DMode":false,"pivot":{"x":236.8338165283203,"y":206.0960693359375,"z":8.443756103515625},"rotation":{"x":0.2647970914840698,"y":0.1817549616098404,"z":-0.05089253932237625,"w":0.9456519484519959},"size":5.4772796630859379,"orthographic":false}