{"cameraMode":{"drawMode":0,"name":"Shaded","section":"Shading Mode"},"sceneLighting":true,"audioPlay":false,"sceneViewState":{"showFog":true,"showMaterialUpdate":false,"showSkybox":true,"showFlares":true,"showImageEffects":true,"showParticleSystems":true},"in2DMode":false,"pivot":{"x":499.86627197265627,"y":194.43296813964845,"z":322.0567626953125},"rotation":{"x":-0.20610648393630982,"y":0.603054404258728,"z":-0.1652430146932602,"w":-0.7528525590896606},"size":2.5951290130615236,"orthographic":false}