{"cameraMode":{"drawMode":0,"name":"Shaded","section":"Shading Mode"},"sceneLighting":true,"audioPlay":false,"sceneViewState":{"showFog":true,"showMaterialUpdate":false,"showSkybox":true,"showFlares":true,"showImageEffects":true,"showParticleSystems":true},"in2DMode":false,"pivot":{"x":19.580245971679689,"y":10.985218048095704,"z":25.5604248046875},"rotation":{"x":0.1211133673787117,"y":-0.43633878231048586,"z":0.05940379574894905,"w":0.8896129727363586},"size":111.6677474975586,"orthographic":false}