{"cameraMode":{"drawMode":0,"name":"Shaded","section":"Shading Mode"},"sceneLighting":true,"audioPlay":false,"sceneViewState":{"showFog":true,"showMaterialUpdate":false,"showSkybox":false,"showFlares":true,"showImageEffects":true,"showParticleSystems":true},"in2DMode":false,"pivot":{"x":-182.69564819335938,"y":1.1397972106933594,"z":-90.6851806640625},"rotation":{"x":0.07803834974765778,"y":0.5596572756767273,"z":-0.05304589867591858,"w":0.8233346939086914},"size":204.05642700195313,"orthographic":false}